channelId,channelTitle
UCXubLFOt4iiX2_0tYQD8gRA,Penn State Health
UCUngw5TivNYk845EpJQ1Mfg,Penn Commercial Business/Technical School
UCb_JeH-0SzKbKOqSe0DZnmA,Pennsylvania College of Technology
UC36Nlm8ikeZ4tDRx__BjJnA,Penn Medicine
UCSC8V1ez4zt3rviyPWzk9Sg,Cincinnati Children's
UCI4iLCMa5wYZ6fMNzQyA1Ww,IISE
UCMFaqGAxfO5zeSnWGSMNXMA,Super Sabre Society
UCDs6BBujdBWokQqC1w_IjwQ,The Access Group
UCf_-9tWk4cUAH92kaPQl8nQ,nab
UCgVZ0mrM3liHNhRYC5Mchgg,WPLG Local 10
UCfF39m2Yv6fwheAfN0tubFQ,GameTrailerLove
UCEvlgOVG34x9DfMRBAIyx3w,iLogix Technologies
UC2V_Qn-fDmmugEl_n1Ehymw,Multiple Careers
UCR5BwOS3Gb4uQtxRYRUQ7ng,LouisTomlinsonVEVO
UCCbOOS-ntdlgfwHwmetBztQ,Lee Lee at home
UCqjx-5bK7W7sVTFBFR3FuUA,Karolyn Marie
UC-kXUyNzCw-0QvBrTA1Lb1g,Kat Theo
UC5x_HuB8ME46_T-g-RooQ5g,Analyse with Ajmer din
UCymjuV0FCsGOZBMA2a0w04Q,EY Sweden
UCyLplL7WIPsy1qdv8MSmDJw,sanjiv kumar
UChgWflMjdgpT-qPblhIymyQ,Indiana Department Workforce Development
UCmqgI1bX_x3ePKgGHMfN04A,Cityline
UCjDHKp8AGNucJmEBMCk0NGg,CareerRide
UCV63FScHnShoobfaENC8R_Q,Audiopedia
UC87MGzNbbVwVKx64KNS8mlg,BusinessWire
UCP6Vylg-aVucumhCsfxVqTw,BTMG USA
UCqmC12XfusvqYQYoJCAVChQ,BackToMyGarden
UC3e83lgW3yPNG6KbGyvMe6w,MrTheca
UCkYEKuyQJXIXunUD7Vy3eTw,The Leaderboard
UCLjZv82WNuEduJBpph7b7ng,Mrs. V. Toledo-Vickers
UC0rQarbogLMw7JmIxRba_cw,Videography Academy
UCkH1uDkyuO9sVjSqdqBygOg,CBS Los Angeles
UChFTe7_g_WTlOJ7FMU7xHaQ,ThinkingCactus
UC4SUWizzKc1tptprBkWjX2Q,South China Morning Post
UCO3pT4ZI8x2RVqYWxxcrZsw,upGrad
UCyUBW72KU30dfAYWLVNZO8Q,Stefan Mischook
UCEFTTJFLp4GipA7BLZNTXvA,Freshersworld.com
UCmaExC63UdT3GLc9pjvVZnQ,TheBazillions
UCveZqqGewoyPiacooywP5Ig,Alt Shift X
UCAuUUnT6oDeKwE6v1NGQxug,TED
UCo8bcnLyZH8tBIH9V1mLgqQ,TheOdd1sOut
UC5FF_Ubkm8yohCIGQkq7bCg,SimplyPodLogical
UCFgPFKd6VjNpi5eD6GFb1SQ,Synergy Financial Partners
UCRDWDjp66XM_No30i9R8Nxw,MERCHANT NAVY AS A CAREER
UCNZOrs1QBt8cJnv9ud96qRA,hmtv News
UCT2iSexv022LwTDuu59hGIg,Suman Chakraborty
UCDCMjD1XIAsCZsYHNMGVcog,V6 News Telugu
UCadtap8RYMNy8w4K9lXhzpQ,Barbie
UCulECLULstvc6gBhtXNlgYA,Barcelona Institute for Global Health (ISGlobal)
UCe_8NUyFNS-dBLWq5Mi0eJg,Elite Clinical Research
UCRayHCoXRU1j9-GsT3eAA9A,Konstantinos Sofos
UCTMBP8ce9x2_nMtIeyMhgSA,Hacking Applied Behavior Analysis
UCOiYCGQWffmosWFxwAm7ABw,Careers and Personal Finance by Khan Academy
UCwAIPYiSo3U1nNxkpo6tXIQ,Jimmy Design
UC-b3c7kxa5vU-bnmaROgvog,The Futur
UCBAaDkKiR0AH2i2MMUNaktw,Virginia Stockwell
UCIIGWbB_84gwPkz6f1L2Wvw,Direct Line Group Careers
UC0YGEUgjzcKWRT3VeTSuuFQ,ongaku
UCeE_KkLW1qXJvzHPt6jCquQ,CityofTacoma
UCVXC3_YSmO87ssB7Ez8y4_A,Ash
UC_LWUVOQZZeneS5mJs4CIlw,Bellevue University
UC9pxOEHrjsl7YKBSc7sl_KQ,YourStory
UCxRmRUB3kX-X-_9YsNFhq3g,"The New York Racing Association, Inc."
UCTE5JazHE1asW3kf5kE9wdA,NADPorg
UCbdhEtUEo9x-sNNOpAe3cMQ,Berklee Online
UCijcd0GR0fkxCAZwkiuWqtQ,Free Documentary
UCNyLLOpwdV5rBCXT4TUjKTQ,SSM Health
UCeKXXs1A7EC60_AXoOl1Hsg,Passion of the Nerd
UCa6RE8HAHoIFQRzFfaKQvXA,Helios-Models-Lighting
UCz84THpJhX7B2oAtRreXIDw,Dacru Records
UCb-vZWBeWA5Q2818JmmJiqQ,Oscars
UCWGIj3C2Umvn6LNMwuYi73w,Shem von Schroeck
UC30hepaaavDNu7B6vJYhmFA,ArasPLM
UCv-88FdUm0N1kqSB-NA3twA,ARAS Group of Companies
UCalCQaxVWvUBTb-xHabEpAQ,Hano_d
