ReviewSummary,link,pros,cons,companyId
"""One of the best places to work.""",https://www.glassdoor.com//Reviews/Employee-Review-Google-RVW32867944.htm,"Amazing place the work. Great culture, great pay, great projects.",Very difficult to get promoted.,Google
"""Moving at the speed of light, burn out is inevitable""",https://www.glassdoor.com//Reviews/Employee-Review-Google-RVW2757802.htm,"1) Food, food, food.  15+ cafes on main campus (MTV) alone.  Mini-kitchens, snacks, drinks, free breakfast/lunch/dinner, all day, errr'day.

2) Benefits/perks.  Free 24:7 gym access (on MTV campus).  Free (self service) laundry (washer/dryer) available.  Bowling alley.  Volley ball pit.  Custom-built and exclusive employee use only outdoor sport park (MTV).  Free health/fitness assessments.  Dog-friendly.  Etc. etc. etc.

3) Compensation.  In ~2010 or 2011, Google updated its compensation packages so that they were more competitive.  

4) For the size of the organization (30K+), it has remained relatively innovative, nimble, and fast-paced and open with communication but, that is definitely changing (for the worse).

5) With so many departments, focus areas, and products, *in theory*, you should have plenty of opportunity to grow your career (horizontally or vertically).  In practice, not true.  

6)  You get to work with some of the brightest, most innovative and hard-working/diligent minds in the industry.  There's a ""con"" to that, too (see below).","1) Work/life balance.  What balance?  All those perks and benefits are an illusion.  They keep you at work and they help you to be more productive.  I've never met anybody at Google who actually time off on weekends or on vacations.  You may not hear management say, ""You have to work on weekends/vacations"" but, they set the culture by doing so - and it inevitably trickles down.  I don't know if Google inadvertently hires the work-a-holics or if they create work-a-holics in us.  Regardless, I have seen way too many of the following: marriages fall apart, colleagues choosing work and projects over family, colleagues getting physically sick and ill because of stress, colleagues crying while at work because of the stress, colleagues shooting out emails at midnight, 1am, 2am, 3am.  It is absolutely ridiculous and something needs to change.

2) Poor management.  I think the issue is that, a majority of people love Google because they get to work on interesting technical problems - and these are the people that see little value in learning how to develop emotional intelligence.  Perhaps they enjoy technical problems because people are too ""difficult.""  People are promoted into management positions - not because they actually know how to lead/manage, but because they happen to be smart or because there is no other path to grow into.  So there is a layer of intelligent individuals who are horrible managers and leaders.  Yet, there is no value system to actually do anything about that because ""emotional intelligence"" or ""adaptive leadership"" are not taken seriously.

3) Jerks.  Sure, there are a lot of brilliant people - but, sadly, there are also a lot of jerks (and, many times, they are one and the same).  Years ago, that wasn't the case.  I don't know if the pool of candidates is getting smaller, or maybe all the folks with great personalities cashed out and left, or maybe people are getting burned out and it's wearing on their personality and patience.  I've heard stories of managers straight-up cussing out their employees and intimidating/scaring their employees into compliance.

4) It's a giant company now and, inevitably, it has become slower moving and is now layered with process and bureaucracy.  So many political battles, empire building, territory grabbing.  Google says, ""Don't be evil.""  But, that practice doesn't seem to be put into place when it comes to internal practices.  :(",Google
"""Great balance between big-company security and fun, fast-moving projects""",https://www.glassdoor.com//Reviews/Employee-Review-Google-RVW4204034.htm,"* If you're a software engineer, you're among the kings of the hill at Google. It's an engineer-driven company without a doubt (that *is* changing, but it's still very engineer-focused).
* The perks are amazing. Yes, free breakfast, lunch, an dinner every weekday. Aaaaaamazing holiday parties (at Waldorf Astoria, NY Public Library, MoMA, etc.); overnight ski trips to Vermont; overnight nature trips to the Poconos in the summer; summer picnics at Chelsea piers; and on and on and on. I don't see this going away unless the company starts hurting financially.
* Speaking of which, the company is doing quite well, which reflects in bonuses and equity grants.
* There a huge diversity of work ranging from defending independent journalism worldwide (Google Project Shield) to crisis response during disasters (see Maps during Hurricane Sandy or Tsunamis), to the best machine learning experts and projects in the world, to more mundane revenue-driving projects in advertising, there's really something for everybody.
* It's easy to move around within the company as long as you're in good standing (the vast majority of engineers are).
* The company is amazingly open: every week Larry Page and Sergey Brin host what's called TGIF where food, beer, wine, etc. is served, a new project is presented, and afterward there's an open forum to ask the executives anything you want. It's truly fair game to ask anything, no matter how controversial, and frequently the executives will be responsive.
* No, nobody cares if you use an iPhone, Facebook, shop with Amazon, stream using Spotify, or refuse to use Google+. The company is amazingly open and flexible.

Neither pro nor con, but general information on work-life balance, promotions, and advancement.
* Work life balance can be what you want it to be on most teams. (Some teams are in more competitive sectors and require more crazy hours all the time - but very few of them). If you do what's expected, you'll be fine at least for a handful of years. Working a roughly 40 hour work week is possible, and many people do it. There are also people who are hyper-motived and work like crazy just because they love it, or because they're competitive, or they want to get a promotion. If you work 40 hour weeks without putting in anything extra, you'll fall behind them as they advance and you stand still - and maybe that doesn't matter, so it works out for everybody. But at least know where you would realistically stand.
* If you excel and work your butt off, you'll be compensated and promoted. If you let yourself be a code monkey, and just sit coding with your head down all day, you'll be fine but won't advance. A big complaint from some Googlers is about not being able to advance ""even at Google"" with pure coding. Sure, if you're the uber genius who created MapReduce and Bigtable, you're going to advance like a rocket without having to do anything but coding; but if you're like most engineers at Google -- smarter than average, but just average compared to other Googlers -- you're just a good coder and not revolutionary. Code monkeys are important to actually get stuff done, and to be sure you absolutely need to be a good coder as a software engineer (it's the minimum requirement), but code monkeys won't advance because they're not leaders and they're easy to replace. To get promoted you need to lead and do more than just code. There are plenty of ways to lead other than being an official tech lead, so this isn't actually _that_ hard, so the real point is just that you can't just sit there coding what other people tell you to code all day and expect to advance.","* It *is* becoming larger, and with it comes growing pains: bureaucracy, slow to respond to market threats, bloated teams, cross-divisional tension (though nothing remotely approaching that of Microsoft's internal tension).
* The quality of the engineers is possibly dropping, but possibly not. It's hard to get real metrics, because as the absolute number of people grows, naturally the number of bad apples grows; as a percentage it's supposedly the same as it ever was, but with larger numbers of poorer quality engineers it just _feels_ like things might be changing for the worse.
* Also with growth means more internal-confidential data leaks (again, because of the raw numbers of people) -- product announcements being ruined, etc. That means the company has to be tighter-lipped internally to avoid leaks, which makes things less open. It's still an amazingly open place, but less so than it was even a couple years ago. The good thing is they recognize it and actively look to improve things because they know how important it is to keep the good culture.",Google
"""The best place I've worked and also the most demanding.""",https://www.glassdoor.com//Reviews/Employee-Review-Google-RVW5873129.htm,"You can't find a more well-regarded company that actually deserves the hype it gets.

You'll work on cutting edge projects / solve important issues that impact your community and the world

You'll meet interesting people who are your colleagues, managers, and senior management.

You'll open the paper and see your company in the news almost every day, and read about projects you're working on, which is a cool thing

You'll see Larry and Sergey at TGIF and you'll admire how they lead the company. They are brilliant, goofy, low key but intense, and likeable. 

There are 22 cafes (more or less), the food is excellent, and it's free.

Your pay will typically be competitive, though it needs to be tweaked up a bit since the economy has improved.

Google cares about how it treats its employees.

The campus is like an academic campus in many ways.

There are tons of activities on campus, like authors speaking about their books, films after work, and gyms where you can work out - but you'll need to make sure to carve out time to do these things.

You'll get plenty of external validation from people who suddenly think you're smart and rich because you work there, even if you're not rich and you're as smart when you didn't work at Google.

If and when you leave, you'll never regret having that company on your resume. It opens doors. 

The company is flexible - if you're lucky, you won't have a micromanager boss and you can be somewhat flexible in how you work - but don't get me wrong - you'll work a LOT. But you don't have to do all of it chained to your desk.","I live in SF so the commute can take between 1.5 hours to 1.75 hours each way on the shuttle - sometimes 2 hours each way on a busy day or rainy day. That means being on the bus for 3-4 hours PER DAY. It's a wired bus though which means you can work on the way to Mountain View. But it can feel brutal.

Your first year or two are really important in terms of your career at Google and they affect how you're viewed, and your ability to be promoted. You should always ask to work on high profile projects. If you don't get them, don't expect to get high ratings or get promoted. Always volunteer for cross functional group work for maximum exposure, and then work hard at those things.

You'll likely work on something that no one will explain to you and it will take you at least a year to be comfortable doing what you're working on, even if you're super quick at learning.  No one has time to train you or teach you what you're doing - which is kind of hard.

After two or three years, people you started out with at Google start to get promoted. If you're not one of them, you'll wonder why and how it happened, and that process is somewhat political and not always clear. 

It's a big company now. And super political. So don't be naive. Expect some people to be catty, some people to be territorial, and be prepared to be mentally tough. Don't let people see your vulnerableness. It's a Darwinistic culture with a huge dose of 30-something idealism on top which can fool you into thinking that people are easygoing - they're not. They're driven. If you're not driven, you're not going to fit in.

When you start at Google, it seems like peer reviews are super important - they are, but they are the sprinkles on the fro yo. The important thing is that your direct manager knows your work, likes your work and likes you, and then you can get promoted. If your boss doesn't like you, all the positive peer reviews in the world won't help you.  Make sure you know what your boss wants, and give it to them. You will have weekly one on ones, and make sure you are addressing your performance at each one, asking if they have questions, how you can improve, can you work on cross functional projects, etc.

It's really hard to find work life balance at Google. The workload is huge.   I hardly have time to work out. The commute is brutal. My family sometimes needs more from me and I can't give it. I'm still trying to find the balance. I think I need more down time than most people so I have a hard time being structured every day to fit all the things I want into my day, so a lot of things slip, like working out.",Google
"""Amazing culture""",https://www.glassdoor.com//Reviews/Employee-Review-Google-RVW32777934.htm,"very caring about the individual, great benefits and work life balance","very smart people, hence a very intense work environment (I like it)",Google
"""Great""",https://www.glassdoor.com//Reviews/Employee-Review-Google-RVW32848138.htm,is the best place for growth as a software developer,rental in San Francisco is very expensive,Google
"""Best in Class""",https://www.glassdoor.com//Reviews/Employee-Review-Google-RVW32850246.htm,"Employee wellbeing is a legitimate priority
Extremely rewarding 
Impact
Ability to stretch and learn","Increasingly cumbersome corporate matrix
Very US centric",Google
"""Cool""",https://www.glassdoor.com//Reviews/Employee-Review-Google-RVW32832492.htm,everything is Best here in this org,Nothing in my view point.,Google
"""N/A""",https://www.glassdoor.com//Reviews/Employee-Review-Google-RVW32838999.htm,High salary and great colleages,work-life balance is not so good,Google
"""A machine""",https://www.glassdoor.com//Reviews/Employee-Review-Google-RVW32840271.htm,"very good stuff happening here, job safety",but very few people get to work on good stuff,Google
"""Amazing experience.""",https://www.glassdoor.com//Reviews/Employee-Review-Slalom-Build-RVW32232257.htm,Great culture. Everyone is so friendly.,Can't really think of one.,Slalom Consulting
"""Solid""",https://www.glassdoor.com//Reviews/Employee-Review-Slalom-Build-RVW32514531.htm,"Variety of clients and projects
Friendly culture",Can get mired in traditional consulting/deadend tech,Slalom Consulting
"""Software""",https://www.glassdoor.com//Reviews/Employee-Review-Slalom-Build-RVW32391900.htm,good work environment and culture,no cons as far as my knowledge,Slalom Consulting
"""They really care about their employees""",https://www.glassdoor.com//Reviews/Employee-Review-Slalom-Build-RVW31950997.htm,"The people at Build have great technical talent and support each other. This is my favorite characteristic of Build. We know how to enjoy our time at work while delivering excellence to our clients. Slalom treats their employees very well and leadership will do their best to align opportunities to interested Builders. Other side perks depending on the office include various comfortable social spots, cold brew, kombucha, beer on tap, gaming room, the list goes on.","Sometimes the upcoming or available projects may not be interesting, but that's really just the nature of any consulting company. Lots of variety in opportunities, but not all of them desirable. That being said, Slalom is not the kind of consulting company to sign up for staff augmentation. They do a good job of ensuring it doesn't end up that way.",Slalom Consulting
"""Nice""",https://www.glassdoor.com//Reviews/Employee-Review-Slalom-Build-RVW32216751.htm,Happy hour was a plus,Long hours are a negative,Slalom Consulting
"""Great Company to grow""",https://www.glassdoor.com//Reviews/Employee-Review-Slalom-Build-RVW32212523.htm,Lots of opportunity to grow your career,Seems that how social you are ties into a large part of how you are promoted.,Slalom Consulting
"""I believe this is what the kids would call a ‚Äúbanger‚Äù""",https://www.glassdoor.com//Reviews/Employee-Review-Slalom-Build-RVW31642803.htm,"- Reasonable interview experience
- Great benefits
- Generous PTO and work from home policy
- Smart coworkers
- Fun culture
- Interesting projects
- Fully invested in by mgmt
- Upper mgmt regularly asks for feedback
- Free snackies
- Steak lunch
- Smash Ultimate rig in break room
- Kombucha on tap
- Fun internal networking events",- They only have 3 flavors of La Croix and Passionfruit is not one of them üòâ,Slalom Consulting
"""Best Place I've Ever Worked""",https://www.glassdoor.com//Reviews/Employee-Review-Slalom-Build-RVW31570978.htm,Transparent Leadership and being surrounded by some of the most talented colleagues I've ever worked with. There's a feeling here that no one is too small to make an impact. I love it!,Some rivalry and competition between our Build and Local brands.,Slalom Consulting
"""Great company to start your consulting career""",https://www.glassdoor.com//Reviews/Employee-Review-Slalom-Build-RVW31369414.htm,"- Great culture.
- Many opportunities to learn exciting new technologies.
- Flexible work schedule ‚Äì depending on the project.","- Abysmal 401K match! Only 25% of 6% with each paycheck, then another 25% after Q1 of the following year. That‚Äôs a total of 50% of 6% match provided that you stay until Q1 of the next year. If you leave before Q1 of the following year, you only get 25%. This was one of the reasons why I decided to leave.
- Pay is below the industry average.
- Lots of social events outside working hours. I put it as a con because if you‚Äôre an introvert, have family or don‚Äôt drink alcohol, you will quickly feel like an outcast.
- Limited career options.",Slalom Consulting
"""Really Great Company""",https://www.glassdoor.com//Reviews/Employee-Review-Slalom-Build-RVW30088712.htm,"Decent pay as a base in line with other major companies, standard benefits, culture is great, stocked fridges. The company really places value on keeping employees happy while at work. Work life balance is supported by reasonable core working hours.","Lack of incentives for signing on leave Slalom behind other major players. They‚Äôre going to lose top talent to companies that incentivize sign-on. No offers of stock options, and the bonus structure isn‚Äôt great.",Slalom Consulting
"""Good Company""",https://www.glassdoor.com//Reviews/Employee-Review-Accenture-RVW32848386.htm,Leadership hears your concern at any point of time,"If stuck under bad manager, you end up loathing what you do",Accenture
"""Great Company""",https://www.glassdoor.com//Reviews/Employee-Review-Accenture-RVW32754194.htm,"Lots of opportunity for those that can learn and navigate the company
Competitive salary and benefits
Career growth and personal development
Good moral values, and care for individual (to the degree it makes business sense)
Opportunity to travel (although now on geographical model) for those who want","Expectations around career growth can create uncomfortable pressure for some (more than certain smaller firms or industry, but definitely less than MBB or strategy boutiques)
Travel can be tedious after months and years
There's always sexier or higher paying firms of the world if you're looking... although ACN is towards the top of most lists",Accenture
"""ACN""",https://www.glassdoor.com//Reviews/Employee-Review-Accenture-RVW32841808.htm,Competitive salaries and benefits.  Opportunities to move industries and knowledge.,Large company.  Can get lost in the shuffle.,Accenture
"""A cut above most companies""",https://www.glassdoor.com//Reviews/Employee-Review-Accenture-RVW32828384.htm,Great people helping our clients accomplish fantastic things.,Sometimes we lose track of the individuals because of our size.,Accenture
"""Great Learning Opportunity""",https://www.glassdoor.com//Reviews/Employee-Review-Accenture-RVW32803859.htm,Always opportunity for growth and movement,Must be willing to travel 100%,Accenture
"""Top company in the technology consulting business""",https://www.glassdoor.com//Reviews/Employee-Review-Accenture-RVW32758351.htm,Great network of people that really understand consulting and business in general.,Difficult for experienced industry personnel to adjust the culture.,Accenture
"""loved my time at Accenture""",https://www.glassdoor.com//Reviews/Employee-Review-Accenture-RVW32724050.htm,people were great. work was challenging. learned a lot.,traveling is tiring. client service adds additional challenges.,Accenture
"""Good experience""",https://www.glassdoor.com//Reviews/Employee-Review-Accenture-RVW32722963.htm,Allowed me to be autonomous and manage my accounts/projects,Was locked into one account/client which hindered growth,Accenture
"""Great company!""",https://www.glassdoor.com//Reviews/Employee-Review-Accenture-RVW32683525.htm,"Competitive pay, benefits, etc. Great opportunity",Large company; can be difficult to navigate,Accenture
"""Great place to work""",https://www.glassdoor.com//Reviews/Employee-Review-Accenture-RVW32683816.htm,-interesting projects and diversity of opportunities,-self-staffing model can be frustrating,Accenture
"""Great place to make an impact in a fast-paced workplace""",https://www.glassdoor.com//Reviews/Employee-Review-Snap-RVW28824938.htm,"Great mid-sized company to work for, with a highly scaled app and a very fun culture. The impact a good engineer can have on the company's bottom line is astonishing compared to larger firms. The company's rough post IPO years are over now, and things are back on the right track.",The fast pace of work may not be for everyone. The technology is less mature than at larger companies.,Snapchat
"""Amazing company of thoughtful and kind humans""",https://www.glassdoor.com//Reviews/Employee-Review-Snap-RVW32757951.htm,I can not express enough how thoughtful and caring everyone at this company is. I have worked many places where this very basic human right was not possible. If culture is important to you this is the place to be at. During this COVID-19 pandemic they have been amazing team members and this all trickles down because of leadership. Keep up the good work Evan and team.,There are no cons I can report at this time,Snapchat
"""Pretty good""",https://www.glassdoor.com//Reviews/Employee-Review-Snap-RVW32805492.htm,"Interesting problems, strong engineering talent, good pay/perks",Planning and organization leave something to be desired,Snapchat
"""It was fine""",https://www.glassdoor.com//Reviews/Employee-Review-Snap-RVW32427133.htm,"Smart co workers
Fun product that people care about",Leadership doesn't seem to know what the want to do,Snapchat
"""Great place to work""",https://www.glassdoor.com//Reviews/Employee-Review-Snap-RVW32410870.htm,top notch benefits and culture,doesn't always feel like there are opportunities for upward mobility,Snapchat
"""Good benefits, bad leadership""",https://www.glassdoor.com//Reviews/Employee-Review-Snap-RVW32567622.htm,Good benefits: unlimited vacation and other perks,Bad leadership: you're on your own,Snapchat
"""Getting a lot better""",https://www.glassdoor.com//Reviews/Employee-Review-Snap-RVW32321916.htm,"Executive team, SVPs, and managers have done a lot of work to act based on employee feedback and missteps from previous years. It feels like they actually care and want to do what they can to address feedback (even if that means they can't do a ton). For example, employees gave a ton of feedback about managers with no experience managing doing a terrible job and they rolled out an in-depth training with a third party to all managers about 6 months later. Another example  -- I still remember when Evan said that he'd never go to the press and that people need to experience the product value to understand it. Clearly that wasn't working, so Snap hired a great Comms leader, and now it feels like there's a clear press/PR strategy. Everyone seems willing to learn from mistakes or reconsider their POV. It's refreshing.  There's also a real emphasis on company values in the performance review process with very tactical details on what this looks like in action. The values feel concrete, which is refreshing.","Everything still feels a bit disjointed. There are a lot of people waiting for a vest date to leave. They can be a drag on the real work to be done. The employer brand is weak in the marketplace, and that makes it difficult to hire new people and cultivates resentment for existing employees if people do decide to leave. Career pathing isn't really developed yet.",Snapchat
"""Nurturing Startup Culture, Empathetic Leaders""",https://www.glassdoor.com//Reviews/Employee-Review-Snap-RVW31979579.htm,"- Because Snap is relatively small and young, there are MANY opportunities to stretch outside of your normal responsibilities and pick up new ones, expanding your skillset.
- Snap REALLY breathes its values; Kind, Smart, Creative. They're highly valued in the hiring process and are even metrics wrapped into performance reviews.
- Snap values diversity from the top down and is actively seeking to catalyze diversity, equity, and inclusion across the company, industry, and into the systems beyond
- Great benefits","- Snap is still a relatively young company, so things can more easily fall through the cracks and processes aren't as streamlined.
- Change is the norm, you can expect at least a few big changes over the course of your time
- Annual salary in recruiting seems to be on the lower end of our tech peers, though this is being evaluated",Snapchat
"""Toxic Nepotistic Workplace""",https://www.glassdoor.com//Reviews/Employee-Review-Snap-RVW32355405.htm,"Benefits, free food, there really aren't many pros once you realize the mistake you've made choosing to accept a job here","having to work in such a toxic workplace day in and day out. It really is a terrible workplace. Also their culture and values are just for show as noone abides by them ever, its a fake show for the media and to convince people to join.",Snapchat
"""Fun and Fast-growing Company""",https://www.glassdoor.com//Reviews/Employee-Review-Snap-RVW31440075.htm,"Fun, helpful and smart people all around you. The working environment is pretty open and flexible. Good place for ambitious youngsters.","Parking spot is too far for the working area, and the traffic is pretty bad after the office hour.",Snapchat
"""Twitter is awesome!""",https://www.glassdoor.com//Reviews/Employee-Review-Twitter-RVW32043841.htm,"Great vision, transparent leadership,  collaborative culture, diversity",I cannot think of any cons at the moment,Twitter
"""Great Culture""",https://www.glassdoor.com//Reviews/Employee-Review-Twitter-RVW31967826.htm,Working environment and opp's to grow,"None, everything was taken care of",Twitter
"""It was overall pretty good""",https://www.glassdoor.com//Reviews/Employee-Review-Twitter-RVW32571365.htm,Product that had a lot of usage,Way too many re-orgs and product direction was not great,Twitter
"""Great team and only getting better.""",https://www.glassdoor.com//Reviews/Employee-Review-Twitter-RVW32223012.htm,Good support and great understanding of how to move forward.,"Hard to communicate with., Open for a monthly schedule or even weekly to be able to meet with upper management on the direction of the corporation.",Twitter
"""Awesome""",https://www.glassdoor.com//Reviews/Employee-Review-Twitter-RVW31894927.htm,This place is great to work.,I have zero complaints s out Twitter.,Twitter
"""Awesome place to work and learn!""",https://www.glassdoor.com//Reviews/Employee-Review-Twitter-RVW31838977.htm,"Great Benefits, engaging and interesting projects, amazing people to work with and learn from. Well coordinated intern program.",Interns make slightly less than peer interns at other companies in the same industry.,Twitter
"""Good place to work""",https://www.glassdoor.com//Reviews/Employee-Review-Twitter-RVW31682359.htm,"Fast moving, dynamic, lot of learning",A bit chaotic and directionless. Stay with long term planning,Twitter
"""Do not fall for ‚ÄúDiversity‚Äù trap. They‚Äôre struggling to retain their diverse talent for good reason""",https://www.glassdoor.com//Reviews/Employee-Review-Twitter-RVW32200599.htm,Free breakfast + lunch,"Have never experienced a more cliquey and toxic work environment. Lots of nepotism, racism and harassment happening here to women and especially women of color and management turns a blind eye. There‚Äôs no accountability and if you‚Äôre in the boys club you get away with it.

If you bring up concerns of discrimination, legal makes a case against you and throws you out (the one who complained).

Lots of attrition and those who are favorited get better treatment. For a company that tries hard to achieve diversity, everybody looks the same and those who  do look different end up getting the boot.

Would not overlook this and other reviews stating the same.",Twitter
"""Good starting job""",https://www.glassdoor.com//Reviews/Employee-Review-Twitter-RVW31687660.htm,Nice working spaces and team activities,Could be more creative and collaborative,Twitter
"""Great team with weak leadership""",https://www.glassdoor.com//Reviews/Employee-Review-Twitter-RVW31557279.htm,Interesting projects; co-workers are committed and fun to work with,Recruiting leadership is weak and mostly MIA,Twitter
"""Great company, endless opportunities""",https://www.glassdoor.com//Reviews/Employee-Review-Amazon-RVW32775059.htm,Big company with a small company feel.   Very entrepreneurial.  Management facilitates your ideas that push the business forward,Big company and yes sometimes it takes a while to find the information you are looking for.  Global company and sometimes that information is with someone who is on other side of the world.,Amazon Web Services
"""m mnmnmnm""",https://www.glassdoor.com//Reviews/Employee-Review-Amazon-RVW32530483.htm,hard work nice people and leadership,"people, mood, enviroment,  socialism, and boss",Amazon Web Services
"""You Get What You Put In""",https://www.glassdoor.com//Reviews/Employee-Review-Amazon-RVW9142916.htm,"Really smart people, a lot of opportunity for growth, always encouraged to be innovative, think big, and create something new. Competitive salary and benefits with other major tech companies. 100% self motivating work environment. No dress code and 4 legged friends are welcome.","You have to be self motivated. NO ONE will hold your hand and tell you that you're doing a great job. If you need constant affirmations from management, this company isn't for you.",Amazon Web Services
"""Exciting Work, Abusive Culture""",https://www.glassdoor.com//Reviews/Employee-Review-Amazon-RVW9642081.htm,"Jeff Bezos and his ""S-Team"" are brilliant and continue to make great decisions for long-term growth.  

You work with smart people, you work on exciting projects, you are pushed to your limits...which can be rewarding when you accomplish great things.  The diversity of the potential work and innovation can be very alluring.  I've often called Amazon my ""Sexy Mistress...she's emotionally abusive, but she's so sexy that I go back for more punishment.""","The management process is abusive, and I'm currently a manager.  I've seen too much ""behind the wall"" and hate how our individual performers can be treated.  You are forced to ride people and stack rank employees...I've been forced to give good employees bad overall ratings because of politics and stack ranking.",Amazon Web Services
"""Amazing company and the most driven and smartest of the people""",https://www.glassdoor.com//Reviews/Employee-Review-Amazon-RVW23676305.htm,"- You can learn a lot very quickly in a very short time
- Surrounded with nothing but incredibly smart and driven individuals.
- Compensation is well beyond my expectations, and more than suitable.
- Exciting projects all across the company that keep you interested and focused.
- Amazon is changing the world","- Can be overwhelming, very steep learning curve
- Can be difficult to keep up if you are not self motivated",Amazon Web Services
"""An Amazing Place to Work""",https://www.glassdoor.com//Reviews/Employee-Review-Amazon-RVW19389841.htm,"I've been at Amazon for a month now, and I've seen none of the horror stories being communicated to the public, although Amazon is a large enough company that I'm sure there are good pockets and bad pockets. Everyone here is really smart, and wants to succeed both personally, and as a company. People collaborate and help each other, focus on data, and truly focus on the customer. Every company I've ever worked for talks about how important the customer is, but on day 2, they're forgotten. Amazon seems to genuinely focus on what's best for the customer, and it's awesome to be in meetings where people actually bring that up, and make decisions focused on long-term customer satisfaction.

The opportunities to learn here are literally unlimited, and the opportunity to take on new responsibility is as well. I honestly believe you can be as awesome as you want here.","No cons, so far - seriously. Like I said, I'm sure Amazon has some bad pockets in it here and there, but this is an amazing job, an amazing opportunity, and the biggest thing I have to complain about is that it's a little chilly in our building. I can live with that.

Does Amazon demand high quality, measurable results? Yes! Is it hard work? Yes! Is it rewarding? Yes! So I'm not calling that a 'con'. Work/life balance seems comparable to other places I've worked - not worse.",Amazon Web Services
"""Can be amazing for some people, horrible for others""",https://www.glassdoor.com//Reviews/Employee-Review-Amazon-RVW3431779.htm,"Amazon is doing lot's of cool stuff...but lots of boring stuff too.  There are really well run teams...and very badly run teams.  The experience for software managers and engineers is all over the board, from really run low operational load teams to teams where people burn out after a year.

 - Amazon is built, quite deliberately, to be Darwinian.  You can generally expect that anyone who's been here for more than 2 years is competent and motivated or they wouldn't have survived.  You can count on them as long as your priorities are aligned.  There aren't many slackers here, and they don't survive long.
  - We work on so much stuff that there's always an opportunity to find amazing cool stuff to work on (note that it's an 'opportunity', one that you have to pursue)
  - A chance to make a huge difference
  - A place where you can learn a lot about all kinds of things, both technical and about yourself
  - Amazon encourages high mobility - even your manager can't prevent you from moving to another team within 6 weeks (normally, more than a few months under unusual conditions).
  - Your friends and family have actually heard of the place you work and have at least a vague notion of what Amazon does without you having to explain","- You're responsible for your own career progression and finding the places and teams that are doing the stuff you want to do. No one is going to take you by the hand and help you with that.
- Amazon is built, quite deliberately, to be Darwinian. The strong survive and the weak perish (metaphorically speaking) and the 'bar' is constantly increasing. The level of performance that would have been acceptable five years ago will get you canned today.  It's a kind of crucible that'll help you develop a harder edge, if you can survive, that can serve you well in your career and in life, but it's often not a pleasant experience.

I wouldn't recommend it as a place to work for just anyone.",Amazon Web Services
"""We are now in a world where we are condescended to by our inferiors""",https://www.glassdoor.com//Reviews/Employee-Review-Amazon-RVW14315095.htm,This company gets A list performance from C list employees.  The culture is quick and hard charging.  You are always working in relevant and meaningful projects.,"Maybe because the company recruits C listers who have neither merit (intelligence, strategic vision) nor pedigree (academic or professional accomplishments), most of those who become successful do so in treacherous, low cunning ways.

Imagine the Lannisters in Game of Thrones attacking the Starks in Game of Thrones; or Rawls and Burrell attacking McNulty and Daniels in The Wire; or Barrow and O'Brien attacking Mr Bates in Downton Abbey.  This is every day leadership behavior at Amazon.  The culture at Amazon is so infested with these middling talent weasels who have juked the stats and schemed their way to positions of power that new employees coming in actually start thinking that this behavior is normal and expected if you want to ""manage people.""

The work itself was stimulating and fulfilling, but the sneering condescension of the d bags that cheated and skated their way through high school and party colleges, then just converted their winky nod nod good 'ol boy shenanigans into a ""ask no questions, have no introspection"" company culture have made manifest some of the worst criticisms of capitalism.  Any left leaning political aspirant would look at this business organism and immediately have content to lash out against the corruption that can come in free enterprise where hard work is not rewarded, and the connected, incestuous, privileged class lounge their way to wealth while treating their employees and customers like some kind of filth their shoe picked up on the street.",Amazon Web Services
"""An Engineer's Dream""",https://www.glassdoor.com//Reviews/Employee-Review-Amazon-RVW32657380.htm,"Lots of autonomy. Engineering teams drive the company and are heavily involved in planning, design, and business decisions. My manager, PM, and even director look to me (an SDE-I right out of college) for input and expertise all the time. As an engineer, you have as much influence as you are willing to exert, so long as you have the skills and knowledge to back it up. 

Different work schedules/styles are flexible and supported. Some of my teammates take 1 WFH day per week to help balance family needs, others come in at 11am because they're just not morning people. As long as you are present when needed (like for meetings), and are delivering good work, you have lots of freedom to make the job work with your life. It's a small convenience to be able to schedule something like a doctor's appointment any day of the week and not have to ask permission of my manager or log ""sick day"" hours, but it really does help reduce life stress. 

Incredible growth potential. Clear guidelines for how to advance in your role are available to you from day 1. Easy mobility within the company, plenty of room to explore almost any technology/role you could ever want to try without leaving the company. As an entry-level software engineer, you can direct your career become a TPM, SDM, Principal, Data Engineer, or just about anything else you desire. Networking within the company is easy and there are internal tools and groups to support it. 

Pay and benefits are good, as well as stock bonuses.","Onboarding felt like being thrown into a pool with no knowledge of how to swim. This isn't so much a con as a caution: if you aren't willing to push through confusion, read documentation, experiment and fail, and teach yourself new things every day, then you won't be very successful or happy. Don't be afraid to speak up and ask questions. Accept that you will feel dumb for ~6 months. The learning curve has been steep for me but embracing the struggle has made work very rewarding.",Amazon Web Services
"""Great place to work!""",https://www.glassdoor.com//Reviews/Employee-Review-Amazon-RVW32788173.htm,Benefits and the people. The management is great too.,The pay could have been better but there are opportunities for bonuses.,Amazon Web Services
"""Great Company to work for""",https://www.glassdoor.com//Reviews/Employee-Review-Apple-RVW26027964.htm,"Extremely good benefits from healthcare, PTO, and discounts. Very relaxed environment with clearly laid out expectations.",Nothing that sticks out vs other jobs I've had,Apple
"""Great Company!!""",https://www.glassdoor.com//Reviews/Employee-Review-Apple-RVW32862392.htm,"Awesome place to work, loved working there!",None that I can think of.,Apple
"""Challenging, Rewarding,  but ZERO  work/life balance.   Most satisfying ,   most difficult and most  rewarding job ever.""",https://www.glassdoor.com//Reviews/Employee-Review-Apple-RVW4870579.htm,"We work with geniuses - in every department,   We create innovative products that thrill our customers and create new product categories -  who else can say that?","ZERO   ZERO   ZERO   work/life balance.   Execs have been saying for YEARS that they understand and will make it better.  But in actuality,  it gets worse every year!  It is obviously top management LIP SERVICE because if they meant it,  they could fix it tomorrow.   They have hundreds of BILLIONS in the bank.   If they REALLY cared about employee work/life balance,  they could bring aboard the right number of folks to make that issue dissolve.   Sick of hearing the lies.   Just don't lie about wanting to fix it,  when they clearly DON'T care",Apple
"""Awesome company""",https://www.glassdoor.com//Reviews/Employee-Review-Apple-RVW32859580.htm,"Great benefits, fun place to work","Long hours, not much of a employee discount",Apple
"""Great culture, pay, benefits but still retail""",https://www.glassdoor.com//Reviews/Employee-Review-Apple-RVW32828345.htm,"Essentially the best retail position there is. Very flexible, great perks/benefits, pay, etc.","ITS STILL RETAIL. Which means management, other employees and customers will be annoying.",Apple
"""Great company""",https://www.glassdoor.com//Reviews/Employee-Review-Apple-RVW32832523.htm,Great Perks for full time employees. Great working environment,Very aggressive targets. Very demanding for contractors as well,Apple
"""good""",https://www.glassdoor.com//Reviews/Employee-Review-Apple-RVW32798606.htm,"good benefit, good learning opportunity",a lot of politics within the manager teams,Apple
"""Great Environnet""",https://www.glassdoor.com//Reviews/Employee-Review-Apple-RVW32788562.htm,Team atmosphere. Apple does a great job developing their workers. People are very welcoming and always eager to help out.,"If hired seasonal, can be competitive to secure a position. Customers can also sometimes be a lot to handle.",Apple
"""Fantastic job""",https://www.glassdoor.com//Reviews/Employee-Review-Apple-RVW32792038.htm,"Best training, amazing workplace, employers that care.","High stress, possible nasty customers, retail hours.",Apple
"""People like it""",https://www.glassdoor.com//Reviews/Employee-Review-Apple-RVW32793901.htm,It`s a good choice for people who wants to grow up,It`s a very big company,Apple
"""Great place to build a career""",https://www.glassdoor.com//Reviews/Employee-Review-Atlassian-RVW27739900.htm,"Atlassian as a company has  been doing very well, due to very high demand for its products. These products are all about team potential, team performance, team productivity so no wonder Atlassian itself is big on teams too. The place is full of great people to work with. They are great not only technically (check LinkedIn yourself) but also as great colleagues to enjoy working with. There is a strong balance and partnership among engineering, product management, UX design, and data analytics. 

Part of the growth in business comes from the original and very successful products like Jira and Confluence. Part also comes from the newly acquired products such as Trello and OpsGenie. There is a strong theme in this expansion strategy to keep unleashing the potential of all teams, starting with the tech teams.

Atlassian is one of the unique companies whose values do make sense (check them out yourself) and there is a real strong focus for all team members to live those values. Part of every interview does also include a session on the value(s) you may most identify with and why.

Atlassian is also a place for a new software engineer to get up to speed fast. The products are those exact ones (or similar to the ones) that you as a software engineer would be using in any company to develop your own products -- workflow management, internal wiki and collaboration, operations status, operations alerting, source code repository, etc. Knowing that your contributions make people like you far more productive is very satisfying. There is also real dogfooding going on at Atlassian as you end up using the same products for your development effort. If you get a chance to see how these products are used internally, you will amazed about the capabilities of these products -- unfortunately not well known outside, a mistake that Atlassian needs to fix. 

There is attention to detail in almost every aspect. For example, visit one of the Atlassian offices and you can see the difference. Go to youtube and find videos on the Atlassian founders. They are smart, passionate engineers themselves (with an Aussie accent :) and they get it right away whatever you are discussing. They can code very well too.

There is a real strong positivity in the air at Atlassian. There is real caring for the teams inside or outside the company. The foundation donates a lot to the community and you can be part of that effort with your money and time easily.","Some teams may be divided across multiple countries so some of the usual problems due to remote teams may apply, depending on your team.",Atlassian
"""Great place to work""",https://www.glassdoor.com//Reviews/Employee-Review-Atlassian-RVW32808222.htm,"People, Benefits, Work/life balance, etc.",Can be hard to navigate the org,Atlassian
"""Awesome Company to Work For!""",https://www.glassdoor.com//Reviews/Employee-Review-Atlassian-RVW32729674.htm,"Great company culture, company that actually lives by its values, openness and transparency, executive leadership and managers, collaborative people and teams, flexible work schedule, people feel valued",Benefits are good but could be better,Atlassian
"""I am so lucky that I got a job here!!!!""",https://www.glassdoor.com//Reviews/Employee-Review-Atlassian-RVW32733800.htm,"Culture! Culture! Culture!

In these difficult times with COVID and WFH, Atlassian shows us everyday that they are here to support us. They gave us allowance to setup home office, flexibility to deal with family and interruptions during WFH, so many online social activities, and mostly showed genuine interest in our well being and how we are doing!! I look at my friends and colleagues at other companies and I realizes everyday how lucky I am that I work at Atlassian.

This same culture even exist when we are in the office but seeing how they applied during difficult times is what makes the huge difference!!

Teams are open, honest, communicative. There is always someone to answer your questions and help you whenever needed.",None... it is the perfect company,Atlassian
"""Awesome place to work""",https://www.glassdoor.com//Reviews/Employee-Review-Atlassian-RVW32727009.htm,"- Great opportunities learn and grow
- Supportive management
- Great work/life balance
- Incredible and open support during COVID",No cons stand out for me.,Atlassian
"""Found a home at Atlassian""",https://www.glassdoor.com//Reviews/Employee-Review-Atlassian-RVW32569170.htm,"True to its core, Atlassian is an ‚Äúopen"" company that always plays as a team. Support is in abundance and from top to bottom the executive &amp; management teams continue to make you feel like an integral part of the company‚Äôs success.",Atlassian‚Äôs company values don‚Äôt truly identify everything this company is willing to do for its employees.,Atlassian
"""Best experience of my career""",https://www.glassdoor.com//Reviews/Employee-Review-Atlassian-RVW32344159.htm,No company treats their employees better,None that I've experienced so far,Atlassian
"""In the crazy world of tech, this is one of the better companies out there""",https://www.glassdoor.com//Reviews/Employee-Review-Atlassian-RVW31554388.htm,"My views are based on my experience at different tech startups to SMBs (and now Atlassian) in the Bay Area.

+ Culture here is generally a really positive one. The values are not just lip-service; they are lived.
+ Except for our quarterly earnings calls, I never see presentations about the bottom line. They are all about how can we do better by our customers and stakeholders. It's probably a different story in channel and field ops meetings, but as someone in marketing I find this unusual and refreshing.
+ I genuinely like pretty much everyone I come into contact with here. Great people.
+ Good work life balance. 
+ Kick-ass office with nice amenities, workout room, rooms for parents, reflection room, massage chairs, bar, etc.","- We're not afraid to pivot, which inevitably means whiplash. It's not as extreme as a startup, but it still happens. Lots of org changes.
- I'm told our base pay is not as competitive as other companies in the valley. Between the rest of our benefits and the great work-life balance, it's enough to keep me comfortable and happy.
- I haven't seen any blatant examples of ageism, but I have noticed that everyone on my team and most people on adjacent teams are within 10 years of each other. FWIW.",Atlassian
"""Great company, great products!""",https://www.glassdoor.com//Reviews/Employee-Review-Atlassian-RVW31654616.htm,"Atlassian's product suite offer so many opportunities for PM's, specially as the company is investing to become cloud first &amp; solutions oriented to meet our customer needs. The unique business model, low-touch sales, places special emphasis on building a great product, which is great for PM's.","Growing pains, like any other company.",Atlassian
"""So much going for the company but the management is terrible, so I am looking and you should not look here""",https://www.glassdoor.com//Reviews/Employee-Review-Atlassian-RVW31228416.htm,"stock price , teammates, benefits",management management management - they just can't get it together so anyone who is good leaves at both the IC to Management level,Atlassian
"""Excellent firm to work for""",https://www.glassdoor.com//Reviews/Employee-Review-Bloomberg-L-P-RVW30939954.htm,"Combining the best of the financial and technological elements of the job market, Bloomberg is an excellent firm to work for. Driven by results, but with a fair work-life balance : allowing each employee to adapt accordingly to their ambition and personal/family needs.
Excellent facilities (their London office is the best in the world) and perks.
Firm has a fantastic track record since its inception.",It could create an internal platform for innovative ideas; or partnering with  employees launching new enterprises.,Bloomberg
"""Good company!""",https://www.glassdoor.com//Reviews/Employee-Review-Bloomberg-L-P-RVW32150180.htm,"Great company to work for,",The pantry  could be better.,Bloomberg
"""One of the best companies in the world to work for""",https://www.glassdoor.com//Reviews/Employee-Review-Bloomberg-L-P-RVW32785499.htm,"I've been at Bloomberg for over 10 years, moved within a few groups inside the company and even after all this time I'm amazed how well this company treats its employees. The work here is extremely challenging and interesting and WLB is beyond par. Benefits are triple-A. Everyone leaves at 5:30pm. Not only it's encouraged to rest, but you are also more productive and focused when you can also enjoy life outside the company and not be in a pressure cooker.
Bloomberg is moving at a very rapid pace towards bleeding-edge technologies (open source stacks, C++17, python, Scala, AI, ML, etc) and every project is a new learning opportunity. Employees are given a lot of freedom to explore coding and exceling at what they like. Everyone is encouraged nowadays to switch to personal laptops which are top-of-the-line MacBook Pros. I've never seen this company cut corners on quality and on its commitment to the well being of its employees. If you get bored or start stagnating within a group, you are encouraged to move elsewhere in the company and play with different gadgets. Bottom line is the perks are incredible and the company really invests in its people. The quality of it's products is absurdly good, and it's only possible when you have a well tuned engineering machine. All this trickles down from Mike Bloomberg himself who, as anyone has seen during the election campaign, is beyond reproach as a human being. 
If you get a chance to interview and are offered a position here, don't go elsewhere.  This is not a backstabbing culture like in other companies, reviews are very open and each developer is always given enough feedback for his work. Managers are also reviewed by their subordinates and it's completely anonymous so it works to well to keep everyone in check. Nobody is above the law here and can get away with abusing others.","Not too many cons, except that total compensation can be a little bit lower than other banks. This is however balanced by a higher than normal base salary and with the stability that this company brings, it's great if you are a family person and need to rely on a constant stream of income. 
The second negative stems a bit from the first one. Because the company is so stable, many employees become ""lifers"", especially in upper management, and it becomes hard to raise in ranks as nobody above you leaves. Some of these lifers end up sitting on their former glory laurels and its no longer a meritocracy like in the lower ranks.",Bloomberg
"""Overall, good balance for good pay.""",https://www.glassdoor.com//Reviews/Employee-Review-Bloomberg-L-P-RVW32783341.htm,"Good benefits, pay is not stellar but is competitive for the work life balance you can get. If you want to really go far, you need to put in the hours, but it is possible to coast along","Weird culture, flat structure just means power is super concentrated at the top. MGMT doesnt always appreciate facts on the ground or give orders clearly.",Bloomberg
"""Good intern experience""",https://www.glassdoor.com//Reviews/Employee-Review-Bloomberg-L-P-RVW32741995.htm,Very well defined intern project. Colleagues are nice and helpful.,"Everyday work is basically on Bloomberg terminal, which is pretty hard to start with.",Bloomberg
"""Great Company where your network matters""",https://www.glassdoor.com//Reviews/Employee-Review-Bloomberg-L-P-RVW32691152.htm,The company is founded by a billionaire where money is not a major factor in decision making.  There are many things that are broken and that means many opportunities to fix them.  The company is stable and not going anywhere.  Philanthropy is weaved in the culture and is not just a box that is checked off.,Many lifers may discourage change.  There are so many things that are broken however getting buy-in to fix things may be a challenge.  There's a Bloomberg way of doing things.,Bloomberg
"""Great company, every company has flaws though""",https://www.glassdoor.com//Reviews/Employee-Review-Bloomberg-L-P-RVW32844739.htm,"Great benefits, incredible job security if you‚Äôre a decent performer.","Little transparency into management strategy, excessive surveillance, slow pace of innovation at times.",Bloomberg
"""Review""",https://www.glassdoor.com//Reviews/Employee-Review-Bloomberg-L-P-RVW32610679.htm,It's a good working environment,Nothing specific I can think of,Bloomberg
"""Political""",https://www.glassdoor.com//Reviews/Employee-Review-Bloomberg-L-P-RVW32710283.htm,Great benefits and decent pay.,"Very political, hard to  get promoted if you are  not vouched for by management.  No matter how well you perform, in your current role. Y",Bloomberg
"""A great place to grow and work""",https://www.glassdoor.com//Reviews/Employee-Review-Bloomberg-L-P-RVW32553065.htm,"Benefits, great work culture, management interested in your growth",Some of the products might not be as fun to work on,Bloomberg
"""Boeing is a great company to work for""",https://www.glassdoor.com//Reviews/Employee-Review-Boeing-RVW27976199.htm,Very diverse with deep talent bench and a tremendous breadth of interesting and challenging work.,"Really big, which makes change complicated and sometimes slow.",BOEING
"""Great Place to Work""",https://www.glassdoor.com//Reviews/Employee-Review-Boeing-RVW32859968.htm,Amazing manager and great pay for entry level position. Awesome benefits package.,Nothing comes to mind. Maybe lack of direction in statement of work occasionally,BOEING
"""Great Company to Work for""",https://www.glassdoor.com//Reviews/Employee-Review-Boeing-RVW32859755.htm,"Great People, Interesting Work, many locations, flexible, great work / life balance",Hard to get promoted and move around,BOEING
"""Could be great""",https://www.glassdoor.com//Reviews/Employee-Review-Boeing-RVW32842995.htm,"work life balance, cool products, people care about each other","bureaucracy is insane, profit margins are low, and the workforce talent is atrophying",BOEING
"""Incredible company, tough work-life balance""",https://www.glassdoor.com//Reviews/Employee-Review-Boeing-RVW32858782.htm,"Incredible company, innovative work and brilliant colleagues. Opportunities for advancement and great benefits + matching 401k program.",Very challenging  to achieve a work-life balance.,BOEING
"""$1 Raise per year worked""",https://www.glassdoor.com//Reviews/Employee-Review-Boeing-RVW32823414.htm,"Great company , good pay, opportunities","Tight work spaces, slow shift changes",BOEING
"""Recruiting First Sergeant""",https://www.glassdoor.com//Reviews/Employee-Review-Boeing-RVW32825211.htm,Great opportunity to network with companines within your area,to micro managed from all levels. Give them the mission and let them surprise you.,BOEING
"""Great place to work!""",https://www.glassdoor.com//Reviews/Employee-Review-Boeing-RVW32810835.htm,Great people to work with. Retirement plan is world class.,They rotate some key managers too often.,BOEING
"""Good time""",https://www.glassdoor.com//Reviews/Employee-Review-Boeing-RVW32807055.htm,doing interesting things with nice people,lots of internal political battling,BOEING
"""Internship""",https://www.glassdoor.com//Reviews/Employee-Review-Boeing-RVW32787218.htm,"Good pay, focus on learning","High expectations, management sometimes unclear",BOEING
"""Amazing Culture, Lots of Opportunity""",https://www.glassdoor.com//Reviews/Employee-Review-Bose-RVW31828615.htm,"Lots of room for growth, both personally and professionally","No accessibility for people in downtown Boston, but I personally like the location",Bose
"""Amazing company to work for!""",https://www.glassdoor.com//Reviews/Employee-Review-Bose-RVW31596678.htm,"Great growth opportunities, amazing team of people, and fun work! Competitive pay and benefits as well.","Can be stressful, they will push you out of your comfort zone and you will work very hard!",Bose
"""No longer the company I enjoyed working for.""",https://www.glassdoor.com//Reviews/Employee-Review-Bose-RVW32782284.htm,No use listing the pros for the first 12 years I worked there...they've all but disappeared the last 5 before leaving Bose.,"The constant turnover, redirection, change of direction, lack of direction, then more redirection's of upper/senior management in the past 6+ years have left what was once a strong and prideful company, now directionless.",Bose
"""Good company, poor communication""",https://www.glassdoor.com//Reviews/Employee-Review-Bose-RVW32471224.htm,"Great camaraderie, competitive salary, and stimulating environment.","Poor communication, corporate is indecisive, old school mentality.",Bose
"""Not the Same Company it Once was""",https://www.glassdoor.com//Reviews/Employee-Review-Bose-RVW32838874.htm,Sadly - None at this time,"Terrible upper management (Director up to President). President was fired a couple months ago but that is too little too late. Outsourced all manufacturing and now some of the engineering work to China. This is failing miserably.  Offered early retirement and then laid off all of their seasoned talent to be replaced by younger inexperienced people over the past 3 years. This has resulted in new products that literally don't work and/or can't be manufactured so the projects get cancelled. I'm not sure this company is going to survive more than a few years. If it does, it will be a much smaller company. This has all come about over the past 5 years with Dr. Bose's passing. So sad to see. They have announced more layoffs are coming.",Bose
"""Great Work Environment, Great People""",https://www.glassdoor.com//Reviews/Employee-Review-Bose-RVW32258481.htm,"Smart, Interesting, Innovative people to work with",Office is still set up in cubicles which makes it a little less inviting to work with people,Bose
"""Once great, now solid""",https://www.glassdoor.com//Reviews/Employee-Review-Bose-RVW32344407.htm,"-Good (not amazing) benefits
-decent corporate culture","-Very little support for retail stores
-micromanagement is the name of the game with Bose
-Lies/policy changes from corporate to employees regarding pay, benefits and severance
-Very little opportunity for advancement
-Mediocre pay compared to competitors (at retail level)",Bose
"""Micromanaged from the First Day""",https://www.glassdoor.com//Reviews/Employee-Review-Bose-RVW32520955.htm,Smart colleagues; competent engineers; nice cafeteria albeit far too noisy to conduct team meetings.,Heavy in corporate bureaucracy; feels like working in the government sector.,Bose
"""Bose: Company in Decline""",https://www.glassdoor.com//Reviews/Employee-Review-Bose-RVW32382590.htm,None whatsoever to speak of.,"Closing all retail stores
Hit-or-miss managers
Underwhelming
Management re-orgs frequently disrupting
Poor management
Strategic initiative often changing",Bose
"""I enjoyed my time at Bose""",https://www.glassdoor.com//Reviews/Employee-Review-Bose-RVW31833812.htm,I had many good co-workers.  We built great sounding products,upper management did not always know what was best,Bose
