videoId,channelId,title,description,viewCount,likeCount,dislikeCount,favoriteCount,commentCount,companyId
h5yJ-_bbiM8,UCXubLFOt4iiX2_0tYQD8gRA,Penn State Health - Careers,"At Penn State Health, we work to provide the best, personal care and support for every patient ‚Äì for the health they need to live the life they want, the way they ...",994,6,0,0,0,Google
Pabq5ElJbx4,UCUngw5TivNYk845EpJQ1Mfg,Your Career in Healthcare Starts at Penn Commercial,"Dr. John D. Six, M.D., Vice President of Medical Affairs at Washington Health System, discusses the training and education students receive in the medical ...",994,6,0,0,0,Google
pL-Ra2hoIsw,UCb_JeH-0SzKbKOqSe0DZnmA,Health Information Degrees at Penn College,"https://www.pct.edu/academics/hs/healthIT Health information is the backbone of the nation's health care system, offering diverse rewarding careers. The Bureau ...",994,6,0,0,0,Google
zouPcloHb2w,UC36Nlm8ikeZ4tDRx__BjJnA,Penn Medicine&#39;s Global Nurse Program,"In response to worldwide nursing concerns, the Nursing Department of the Hospital of the University of Pennsylvania (HUP) launched its Global Nurse Program ...",994,6,0,0,0,Google
NlpK-1b5Kvw,UCSC8V1ez4zt3rviyPWzk9Sg,Immunology Graduate Program | Cincinnati Children&#39;s,The study of immunology is critical to our survival. It's essential to understanding how the body protects us and what happens when things go haywire.,994,6,0,0,0,Google
1iJ6ul7BTfI,UCI4iLCMa5wYZ6fMNzQyA1Ww,"IISE Annual 2019 - Keynote speaker Lt. Gen. Stayce D. Harris, U.S. Air Force (Ret.)","This video from the IISE Annual Conference & Expo 2019 features clips of the keynote presentation delivered by Lt. Gen. Stayce D. Harris, the former inspector ...",994,6,0,0,0,Google
RQCPluHWhTM,UCMFaqGAxfO5zeSnWGSMNXMA,Interview BillLynch,Retired Major General William B. Lynch was the adjutant general of Pennsylvania. In this State cabinet level position General Lynch was headquartered at Fort ...,994,6,0,0,0,Slalom Consulting
jysikObEmpM,UCDs6BBujdBWokQqC1w_IjwQ,Success Story ‚Äì HR Software ‚Äì Sussex Oakleaf,"Learn how Sussex Oakleaf are using additional modules within their Access HR software to manage training & personal development needs, plus how they're ...",994,6,0,0,0,Slalom Consulting
Pzv48p0RVDE,UCf_-9tWk4cUAH92kaPQl8nQ,Staff at the heart of 20 successful years for E&amp;C Joinery -- as seen on Kochie&#39;s Business Builders,"Kochies Business Builders is in Pakenham, Victoria, for episode 10 of the series. We visit E&C Joinery owner, Erick Joosten who runs the business with his wife ...",994,6,0,0,0,Slalom Consulting
gJHyB7F91Kk,UCgVZ0mrM3liHNhRYC5Mchgg,Teen faces aggravated battery charges after fight at Coconut Creek High School,Video captured Thursday afternoon at Coconut Creek High School shows two 15-year-old students in a fistfight.,994,6,0,0,0,Slalom Consulting
bi4gcufhu3Y,UCfF39m2Yv6fwheAfN0tubFQ,HANDYMAN - New Simulation Action Game 2019,SUBSCRIBE to GameTrailerLove: http://bit.ly/Subscribe_GTL ‚ûú More games: ...,994,6,0,0,0,Slalom Consulting
j2QS8VEwsSY,UCEvlgOVG34x9DfMRBAIyx3w,iLogix Technologies - End To End Technology Solutions for Small Businesses,iLogix offers a broad array of services that present our clients with the right set of capabilities for the right problems at the right time. We deliver solutions that are ...,994,6,0,0,0,Slalom Consulting
8o3teeUr-2U,UC2V_Qn-fDmmugEl_n1Ehymw,16 Things I Loved About Studying in Germany,16 Things I Loved About STUDYING IN GERMANY I'm excited to share with you about the 16 Things I Loved About STUDYING IN GERMANY There are many ...,994,6,0,0,0,Slalom Consulting
#NAME?,UCR5BwOS3Gb4uQtxRYRUQ7ng,"Louis Tomlinson - Back to You (Official Video) ft. Bebe Rexha, Digital Farm Animals",Louis Tomlinson's new single 'Back To You' featuring Bebe Rexha & Digital Farm Animals is out NOW. Get it here: iTunes: http://smarturl.it/LTBackToYouiT ...,994,6,0,0,0,Accenture
NkI2CtCrc1I,UCCbOOS-ntdlgfwHwmetBztQ,Latest work from home jobs 4/7- U.S based,Hi friends! Here is this week's latest work from home jobs! Blooms Today Independent Sales Rep- ...,994,6,0,0,0,Accenture
iFMtpJwdYek,UCqjx-5bK7W7sVTFBFR3FuUA,9 Work From Home Remote Online Jobs HIRING NOW JULY 2019!,Join Karolyn Marie as she shares 9 companies HIRING NOW for Work From Home Jobs in July 2019! In this video: Clerky ...,994,6,0,0,0,Accenture
2r6uhv2FUJk,UCqjx-5bK7W7sVTFBFR3FuUA,20 Work From Home Online Jobs HIRING NOW!,"Join Karolyn Marie as she shares 20 companies currently hiring for Work at Home Jobs in July 2019! In this video: Verbal Ink ‚Äì Transcriptionists, Proofreaders, ...",994,6,0,0,0,Accenture
6jQSKsMug_M,UC-kXUyNzCw-0QvBrTA1Lb1g,TOP Companies that Hire people with Disabilities | RIght Now,Goood morning SIDE HUSTLING FAMILY! I have had quite a few people contact me about opportunities for people who are disabled. You have been speaking ...,994,6,0,0,0,Accenture
hNfS_MEYo7g,UC5x_HuB8ME46_T-g-RooQ5g,Vacancy in Big 4 Job search and How to apply | Training 2018 #3,Links of respective websites KPMG - https://home.kpmg.com/in/en/home/careers/job-search.html EY ...,994,6,0,0,0,Accenture
#NAME?,UCymjuV0FCsGOZBMA2a0w04Q,Who do you want to be - an EY employee or a subcontractor?,Insourcing Services is a part of EY that offers consultants to companies that experience a need to temporarily strengthen its finance organization in different roles ...,994,6,0,0,0,Accenture
e4y6neqym7o,UCCbOOS-ntdlgfwHwmetBztQ,Latest WFH jobs- Automattic hires worldwide,Hi friends! Here are this week's latest WFH jobs! Automattic Happiness Engineer- Worldwide https://www.glassdoor.com/Job/jobs.htm?,994,6,0,0,0,Accenture
6_rlb9V3E7U,UCyLplL7WIPsy1qdv8MSmDJw,Best jobs | Jobs in Godrej | Jobs in OYO hotels | Jobs in Walmart |  naukri kaise milegi |,"How to get jobs in Godrej Industries, OYO hotels, Walmart. The website links of all the three companies are given below.‡§§‡•Ä‡§®‡•ã ‡§ï‡§Ç‡§™‡§®‡§ø‡§Ø‡•ã‡§Ç ‡§ï‡•á ‡§µ‡•á‡§¨‡§∏‡§æ‡§á‡§ü ...",994,6,0,0,0,Accenture
LeGZGI0Srho,UChgWflMjdgpT-qPblhIymyQ,Hot Job # 50 - Personal Financial Advisor,Average Salary: $74610 Education and Training: Bachelor's Degree Major Industry: Finance More information at www.HoosierHot50.com.,994,6,0,0,0,Snapchat
XsZs29zLleM,UCmqgI1bX_x3ePKgGHMfN04A,Financial Advisors: Pros and cons,"Financial expert, Bruce Sellery shares an easy way to understand how financial advisors are charging their fees for good value.",994,6,0,0,0,Snapchat
F4iyfJ1y1lo,UCjDHKp8AGNucJmEBMCk0NGg,Financial Analyst Interview Questions and Answers - For Freshers and Experienced Candidates,"Learn most important Financial Analyst Interview Questions and Answers, asked at every interview. These Interview questions will be useful to all entry level ...",994,6,0,0,0,Snapchat
fndykWJSu8w,UCV63FScHnShoobfaENC8R_Q,Ameriprise Financial,"Ameriprise Financial, Inc. is a diversified US financial services company. Ameriprise Financial engages in business through its subsidiaries, providing financial ...",994,6,0,0,0,Snapchat
KYuo4zUh8Gs,UC87MGzNbbVwVKx64KNS8mlg,Ameriprise Financial Launches New Ads Showcasing the Brilliant Experience It Delivers to Clients,Ameriprise Financial debuts new ads showcasing the brilliant experience the firm and its advisors deliver to clients.,994,6,0,0,0,Snapchat
U-Z_jWtsS6k,UCP6Vylg-aVucumhCsfxVqTw,BTMGSA Training 2020,theperspective #btmgusa #webinar #naperville #recruiting #placement #training #btmgusa.com #linkedin #webmeeting #remotesession #coronavirus ...,994,6,0,0,0,Snapchat
50mgdDwGs2Y,UCP6Vylg-aVucumhCsfxVqTw,BTMGUSA helping Recruiters / Companies,theperspective #btmgusa #webinar #naperville #recruiting #placement #training #btmgusa.com #linkedin #webmeeting #remotesession #coronavirus ...,994,6,0,0,0,Snapchat
FAg15iAeC_Y,UCP6Vylg-aVucumhCsfxVqTw,How BTMGUSA can help Candidates,theperspective #btmgusa #webinar #naperville #recruiting #placement #training #btmgusa.com #linkedin #webmeeting #remotesession #coronavirus ...,994,6,0,0,0,Snapchat
GI2WUtuMees,UCqmC12XfusvqYQYoJCAVChQ,BTMG 081: The 21-Year-Old Garden Design Phenom with Dan Handley  Read more: http://backtomygarden.co,http://backtomygarden.com/podcast/btmg-081-21yearold-garden-design-phenom-dan-handley/ Dan Handley is the 21-year-old phenom of garden design in ...,994,6,0,0,0,Snapchat
x1Yp-_-BtMg,UC3e83lgW3yPNG6KbGyvMe6w,F1 2015 MODO CAMPEONATO #10 | Ferrari - Kimi R√§ikkonen | Hungr√≠a,Juegos MUY baratos en cualquier plataforma aqu√≠! https://www.instant-gaming.com/es/?igr=MrTheca -Mi twitter: https://twitter.com/DG_Theca Canal de Javi: ...,994,6,0,0,0,Snapchat
mXaBAhLvJ9Q,UCkYEKuyQJXIXunUD7Vy3eTw,Assassin&#39;s Creed Family Tree Explained! (Desmond Miles) | The Leaderboard,"When you come from a long line of assassins, it's easy to lose track of who's who. From Altair to Ezio, we're gonna explore Desmond Miles' Assassin lineage.",994,6,0,0,0,Snapchat
UXLRN3udo_M,UCLjZv82WNuEduJBpph7b7ng,Academy for Career Exploration - How do we transform education?,"Join the conversation on Innovation in Education, Most Likely to Succeed (in RI), on March 30th. Support ACE and help drive the conversation around education ...",994,6,0,0,0,Snapchat
HNqV1-NvKxg,UC0rQarbogLMw7JmIxRba_cw,How to Start and Scale a Video Production Business with Justin Andrews,"Download our Free Guide ""How to Get Your First Paying Videography Clients"" here: https://bit.ly/2CSoCa8 Justin Andrews is a co-founder and owner of Animus ...",994,6,0,0,0,Twitter
oRf96EBEkMs,UCkH1uDkyuO9sVjSqdqBygOg,Presidential Candidate Bernie Sanders Visits The Southland,The Vermont Senator criticized those politicians who would use racial animus or bigotry to stoke their political careers. He spoke about the need for diversity.,994,6,0,0,0,Twitter
4p5-IrWyLkI,UChFTe7_g_WTlOJ7FMU7xHaQ,Voovees Director Feature Overview,Voovees Director - The easiest 3D animation program there is! - game like user interface - heaps of cool props and items - customisable unique characters - mix ...,994,6,0,0,0,Twitter
MwixREUJOI0,UC4SUWizzKc1tptprBkWjX2Q,Jack Ma career advice: You don‚Äôt have to be smart to be successful,"Subscribe to our YouTube channel for free here: https://sc.mp/subscribe-youtube Jack Ma, founder of Chinese e-commerce giant Alibaba discusses ...",994,6,0,0,0,Twitter
D6tdDs1jTF4,UCO3pT4ZI8x2RVqYWxxcrZsw,Make Career Transformations Through Online Education | Career Growth | UpGrad,Looking forward to make career transformations? If you're in the midst of your significant career move and have gotten stuck and are not quite sure how to get ...,994,6,0,0,0,Twitter
jcggB6vRUzE,UCyUBW72KU30dfAYWLVNZO8Q,Is 40 yrs too old to learn to code?,My Python course has 2 modules on careers and getting jobs: https://www.killervideostore.com/video-courses/beginners_python_3.php Many of my students ...,994,6,0,0,0,Twitter
lMZnNeGubtc,UCEFTTJFLp4GipA7BLZNTXvA,"CAREERS IN BACHELORS IN EDUCATION (B.Ed) ‚Äì M.Ed,BT,NCTE, Educational Psychology,Teacher,Coaching","CAREERS IN BACHELORS IN EDUCATION.Go through the career opportunities of BACHELORS IN EDUCATION, Govt jobs and Employment News channel ...",994,6,0,0,0,Twitter
CR71AhdHadM,UCmaExC63UdT3GLc9pjvVZnQ,&quot;Career Day&quot; by The Bazillions,"What do you want to be when you grow up? Think it over while you watch the latest video from The Bazillions, starring our fans from The Beat Coffeehouse, ...",994,6,0,0,0,Twitter
wJmg0uc3CjY,UCveZqqGewoyPiacooywP5Ig,Watchmen Explained (original comic),Get a free audiobook and 2 Audible Originals with a 30-day trial: http://www.audible.com/asx Or text asx to 500 500 What happens in the original 1986 ...,994,6,0,0,0,Twitter
1oEqnDAbCfE,UCveZqqGewoyPiacooywP5Ig,Bloodraven: what‚Äôs the three-eyed raven‚Äôs secret plan?,"Get a free audiobook and a 30-day trial with Audible: http://www.audible.com/asx Or text ‚Äúasx‚Äù to 500 500 Who is the three-eyed raven, aka Brynden Rivers aka ...",994,6,0,0,0,Apple
swB7Ivct8d8,UCAuUUnT6oDeKwE6v1NGQxug,How we&#39;ll earn money in a future without jobs | Martin Ford,"Machines that can think, learn and adapt are coming -- and that could mean that we humans will end up with significant unemployment. What should we do ...",994,6,0,0,0,Apple
cV542dRK3uk,UCo8bcnLyZH8tBIH9V1mLgqQ,Work Stories (sooubway),"I was a sandwich ARTIST, okay? Because subways are everywhere, there's probably someone watching this who used to or is working at subway right now.",994,6,0,0,0,Twitter
Cw_PpdCF3Gk,UC5FF_Ubkm8yohCIGQkq7bCg,"Child Acting, Sexist Bosses &amp; Our Jobs Before YouTube - SimplyPodLogical #2","It's Let's Taco 'Bout it Tuesday! On this episode of SimplyPodLogical, Cristine and Ben discuss their jobs growing up, Cristine's experience as a child actor, ...",994,6,0,0,0,Apple
rkCIX9SX_Mg,UCFgPFKd6VjNpi5eD6GFb1SQ,Synergy Financial Career Opportunities,Do You LOVE What you do???,994,6,0,0,0,Apple
VP_dCEhiTn0,UCRDWDjp66XM_No30i9R8Nxw,Synergy exam date 2020 | how to apply for synergy exam 2020,You can watch these video on speed of 1.25 Don't skip the video nor you won't understand what I'm trying to say Also read these blog to know the reality of ...,994,6,0,0,0,Apple
xPsK8aOwyq4,UCNZOrs1QBt8cJnv9ud96qRA,Synergy School of Business Director and Prof NRK Reddy | Career Counseling | hmtv,Synergy School of Business Director and Prof NRK Reddy #NRKReddy #SynergySchoolofBusiness Watch HMTV Live ‚ñªhttps://goo.gl/aY5GcX ‚ñª Subscribe to ...,994,6,0,0,0,Apple
sMPQJ9twJc4,UCT2iSexv022LwTDuu59hGIg,SYNERGY EXAM 2020 // Deck cadet/Engine cadet/Trainee OS // Complete details,"SYNERGY Previous years questions and study materials available now, if u want u can contact me on 8327572376 (only Whtsapp) Join my whatsapp and ...",994,6,0,0,0,Apple
E_Cdh2NrkNQ,UCDCMjD1XIAsCZsYHNMGVcog,BBA &amp; MBA Courses | Synergy School Of Business l NRK Reddy | Career Point | V6 News,"Career point is special program by V6 News, exclusive for the students, where they can take right decisions to make their career bright. Subscribe Youtube at ...",994,6,0,0,0,Apple
Ts4snPSVEk8,UCadtap8RYMNy8w4K9lXhzpQ,Barbie¬Æ Mobile Care Clinic Demo Video | Barbie,Watch and learn how Barbie's magical vehicle transforms into a Care Clinic. Barbie can treat her patients with care with her 20+ accessories. Care Clinic opens ...,994,6,0,0,0,Apple
Bu6hhwqAxpk,UCulECLULstvc6gBhtXNlgYA,Master of Clinical Research: International Health Track [Subt EN ES CA],Activate subtitles by clicking on the Subtitle icon on the player tool bar] Why should I choose the Master of Clinical Research: International Health Track?,994,6,0,0,0,Apple
3g2wLyARvqM,UCe_8NUyFNS-dBLWq5Mi0eJg,3 Best Entry - Level Clinical Research Jobs,Don't forget to Subscribe for new content! 3 Best Entry - Level Clinical Research Jobs In this video we discuss the 3 best entry level jobs for a great career in ...,994,6,0,0,0,Apple
CAb_bCtKuXg,UCo8bcnLyZH8tBIH9V1mLgqQ,Life is Fun - Ft. Boyinaband (Official Music Video),just don't think about it too much Big thanks to Dave for making this song into a real thing ‚û§ https://www.youtube.com/boyinaband Behind the scene video ...,994,6,0,0,0,Atlassian
awADEuv5vWY,UCAuUUnT6oDeKwE6v1NGQxug,How we can use light to see deep inside our bodies and brains | Mary Lou Jepsen,"In a series of mind-bending demos, inventor Mary Lou Jepsen shows how we can use red light to see and stimulate what's inside our bodies and brains. Taking ...",994,6,0,0,0,Atlassian
nXe4IQfh1Ao,UCRayHCoXRU1j9-GsT3eAA9A,Parametric job in Grid - Raytracing,"This is the final project presentation for the ""worldwide distributed computing"" lesson. CSIS 2012 Bergishe Universitat Wuppertal Konstantinos A. Sofos.",994,6,0,0,0,Atlassian
NMJ2T1WrO4Q,UCTMBP8ce9x2_nMtIeyMhgSA,Parametric Analysis in ONE Minute by a Board Certified Behavior Analyst,"Careers at Brett DiNovi & Associates: Now Hiring in CA, ME, NJ, NY, FL, & PA apply here https://brettdassociates.com/contact-... Billy Brown is a Board Certified ...",994,6,0,0,0,Atlassian
CLMMwNGfSws,UCOiYCGQWffmosWFxwAm7ABw,Architectural Designer | What I do &amp; how much I make | Part 1 | Khan Academy,"Sophia talks about her role as an architectural designer, including key responsibilities and compensation. This video is part of a new series on Khan Academy ...",994,6,0,0,0,Atlassian
tj8zcsB_SH4,UCwAIPYiSo3U1nNxkpo6tXIQ,Industrial Designer VS Product Design Engineer! Job Listing,Can an industrial designer be a Product engineer? Job Listing: https://careers.google.com/jobs?,994,6,0,0,0,Atlassian
NnRgT4vRylQ,UC-b3c7kxa5vU-bnmaROgvog,How to Get a Graphic Design Job in LA,Do companies discriminate against non US based designers? What if there aren't many opportunities for designers where you are from? What if your culture or ...,994,6,0,0,0,Atlassian
G5vQUVaRWVo,UCBAaDkKiR0AH2i2MMUNaktw,The Benefits of a Personal Chef Career üõí Your Clients Love You!,"How to Become a Personal Chef, step by step PDF available here: https://www.virginiastockwell.com/steps Read the blog post: ...",994,6,0,0,0,Atlassian
1JnCz58TJ1M,UCIIGWbB_84gwPkz6f1L2Wvw,Ash Roots and our Digital Team,,994,6,0,0,0,Atlassian
hHZ-2UgSJ-4,UC0YGEUgjzcKWRT3VeTSuuFQ,"„Ç®„Çπ„Ç±„Ç§„Éó - s/t   Vinyl, LP (1982)","„Ç®„Çπ„Ç±„Ç§„Éó (ZELDA) New Wave, Art Rock, Avantgarde Japanese girl group who's career would span new wave, punk, pop and reggae 01 „Ç®„Çπ„Ç±„Ç§„Éó 02 ÁúüÊöóÈóá ...",994,6,0,0,0,Atlassian
Ash-lAMQ_HY,UCeE_KkLW1qXJvzHPt6jCquQ,Careers in Public Works -- Degree Professions,Citizens of Tacoma rely on Public Works employees to do their jobs well. They make our city work by tending to our infrastructure and improving our ...,994,6,0,0,0,Atlassian
FkSl9GGOFHM,UCVXC3_YSmO87ssB7Ez8y4_A,Ash - Girl From Mars (UK version) (Official HD Video),"After leaving school in summer 1995 and embarking on a sold out riot around the UK, Ash crashed into the UK charts at number 11 with their breakthrough ...",994,6,0,0,0,Atlassian
UjtubpNIX7o,UC_LWUVOQZZeneS5mJs4CIlw,Careers in Public Administration | MPA Degree Bellevue University,There are many Public Administration career opportunities for those who have earned their MPA. The Bellevue University MPA curriculum is designed to help ...,994,6,0,0,0,Atlassian
AdLT-t6PoZc,UC_LWUVOQZZeneS5mJs4CIlw,Bellevue University Online Learning,What is online learning? What are the advantages? Will you have interaction with other students and the faculty? How will coursework fit into your schedule?,994,6,0,0,0,Bose
mQTBEsE7gAw,UC_LWUVOQZZeneS5mJs4CIlw,Bellevue University&#39;s Career Fair 2012,Students had the chance to meet with dozens of top employers to discuss current and future career and internship opportunities in a variety of industries and ...,994,6,0,0,0,Bose
hBjVFZ6CGf0,UC_LWUVOQZZeneS5mJs4CIlw,Prepare for a Hospitality Management Career with a Bachelor&#39;s Degree,Hospitality Mangement is a huge industry that is growing. Bellevue University's Bachelor of Science in Hospitality Management degree online prepares you for ...,994,6,0,0,0,Bose
fHMTToAOPiY,UC_LWUVOQZZeneS5mJs4CIlw,These Students Made an Immediate Impact on Their Careers,Bellevue University graduates share how they were able to achieve more in their careers by transferring their entire associate's degrees to Bellevue University ...,994,6,0,0,0,Bose
ISAssVnEWs4,UC9pxOEHrjsl7YKBSc7sl_KQ,"P  S  Praveen, Country Manager, Transaction Network Services, Inc",,994,6,0,0,0,Bose
LiVWw6z8hAc,UCxRmRUB3kX-X-_9YsNFhq3g,Hall of Famer Jorge Velasquez on NYRA Raceday,Hall of Fame jockey Jorge Velasquez visits the NYRA Raceday set and reflects on some great moments during his career. The NYRA Network Presents ...,994,6,0,0,0,Bose
USjfJk9o9Vw,UCTE5JazHE1asW3kf5kE9wdA,2019 Gabryl Award,The Gabryl Award is often described as the ‚Äúlifetime achievement award‚Äù but officially recognizes outstanding volunteer service to further the mission of NADP ...,994,6,0,0,0,Bose
hTHEW17aTLs,UCbdhEtUEo9x-sNNOpAe3cMQ,The Music Business in 2017: The Impenetrable Power of Working It | John Kellogg | Berklee Onsite,Download our free music business handbook: http://berkonl.in/2b5mESC Test drive our free sample course: http://berkonl.in/2axTs8t In this music business ...,994,6,0,0,0,Bose
iLnuLxVfG8g,UCijcd0GR0fkxCAZwkiuWqtQ,Persons of Interest: Roger Milliss - The Serpent&#39;s Tooth | Free Documentary,Persons of Interest - Episode 1: Roger Milliss - The Serpent's Tooth | Free Documentary Tracked for two generations by the Australian intelligence service ASIO ...,994,6,0,0,0,Bose
_MHzFJpbmTg,UCNyLLOpwdV5rBCXT4TUjKTQ,SSM Health Innovators Award - Lumicera Health Services,See Navitus' solution for closing the gap between the growing cost of specialty medications and patient access. Their full service pharmaceutical solution ...,994,6,0,0,0,Bose
pRFfoop12k0,UCeKXXs1A7EC60_AXoOl1Hsg,The Train Job ‚Ä¢ S01E02 ‚Ä¢ TPN&#39;s Firefly Guide,Website & Store: http://www.thepassionofthenerd.com Patreon: https://www.patreon.com/passionofthenerd Twitter: http://www.twitter.com/iannitram Amazon: ...,994,6,0,0,0,Bose
9RV0UuWlZuI,UCa6RE8HAHoIFQRzFfaKQvXA,Making of Enterprise D Studio Scale 6 foot filming,Sooo here the first peek into our filming of the Studio Scale 6 foot Enterprise D!!,994,6,0,0,0,Bose
NofgGZQmzTM,UCz84THpJhX7B2oAtRreXIDw,Transient Disorder &amp; E-Mov - Unicorns Still Exist,"Subscribe: http://bit.ly/SubscribeDacruRecords Transient Disorder & E Mov - Unicorns Still Exist, release date: 20.01.2020. by Dacru Records - DCREP159 Is ...",994,6,0,0,0,Bose
NTXPfPioXwU,UCb-vZWBeWA5Q2818JmmJiqQ,The Storytelling Secrets of &quot;Star Trek Into Darkness&quot;,"Writer/producer Damon Lindelof and editors Mary Jo Markey and Maryann Brandon discuss the making of ""Star Trek Into Darkness"" at the Academy event ...",994,6,0,0,0,Bose
AAfEXDCsRmg,UCWGIj3C2Umvn6LNMwuYi73w,"Star Trek, &quot;The Doomsday Machine&quot; Revealed (concept demo special edition)","An ANCIENT GAMES FILMS production ¬©2013 For more in-depth musical analysis: https://vimeo.com/181693915 Due to the delay in the production of this film, ...",994,6,0,0,0,Bose
FnSZgb_vTo0,UC30hepaaavDNu7B6vJYhmFA,Careers at Aras ‚Äì Join Us Today,"Aras is disrupting the PLM industry and we're looking for smart, motivated professionals to join our team. Take a look at our open opportunities aras.com/careers.",994,6,0,0,0,Bose
UkYgBNUwEZM,UC30hepaaavDNu7B6vJYhmFA,Aras Innovator Demo Series - Product Engineering,http://www.aras.com/,994,6,0,0,0,Bose
0JNI82I3rg8,UCv-88FdUm0N1kqSB-NA3twA,Medical Engineers &amp; Nurses Training Courses | ARAS Group,ARAS Group offers the high-quality medical equipment & well-structured medical gas and nurses training system at a hospital or medical facility. For more ...,994,6,0,0,0,Bose
YUAoupGS8ME,UCalCQaxVWvUBTb-xHabEpAQ,Aras Mohammed 2016 Zor Xosh,Gorani Halparke Zor xosh 2016 Goranyaki Folklori Kurdi Zor Xosh. Ama Hi Mawayak Lamaw Pesha La Parlamani Kurdistan. Basha Ama Parlamana Yan ...,994,6,0,0,0,Bose
cqvGBAieY5U,UCalCQaxVWvUBTb-xHabEpAQ,Aras Mohammed Halparke,I'm back@@ Goranyaki Folklori Kurdi Zor Xosh. Ama Hi Mawayak Lamaw Pesha La Parlamani Kurdistan. Basha Ama Parlamana Yan Chaxana? Oo Mam zorab ...,994,6,0,0,0,Bose
